p,q,AIC,BIC
1,1,6307.8921103242155,6337.042250736885
1,2,6309.892110321258,6344.8722788164605
2,1,6309.719618447104,6344.699786942307
2,2,6311.018372595328,6351.828569173065
